<?xml version="1.0" encoding="UTF-8"?>
<metadata xml:lang="zh"><Esri><CreaDate>20210909</CreaDate><CreaTime>01085900</CreaTime><ArcGISFormat>1.0</ArcGISFormat><SyncOnce>FALSE</SyncOnce><DataProperties><itemProps><itemName Sync="TRUE">国家级非物质文化遗产代表性项目名录_SpatialJoi2</itemName><imsContentType Sync="TRUE">002</imsContentType><itemLocation><linkage Sync="TRUE">file://\\DESKTOP-M54US4L\C$\Users\gitid\Documents\ArcGIS\Default.gdb</linkage><protocol Sync="TRUE">Local Area Network</protocol></itemLocation></itemProps><coordRef><type Sync="TRUE">Geographic</type><geogcsn Sync="TRUE">GCS_WGS_1984</geogcsn><csUnits Sync="TRUE">Angular Unit: Degree (0.017453)</csUnits><peXml Sync="TRUE">&lt;GeographicCoordinateSystem xsi:type='typens:GeographicCoordinateSystem' xmlns:xsi='http://www.w3.org/2001/XMLSchema-instance' xmlns:xs='http://www.w3.org/2001/XMLSchema' xmlns:typens='http://www.esri.com/schemas/ArcGIS/10.1'&gt;&lt;WKT&gt;GEOGCS[&amp;quot;GCS_WGS_1984&amp;quot;,DATUM[&amp;quot;D_WGS_1984&amp;quot;,SPHEROID[&amp;quot;WGS_1984&amp;quot;,6378137.0,298.257223563]],PRIMEM[&amp;quot;Greenwich&amp;quot;,0.0],UNIT[&amp;quot;Degree&amp;quot;,0.0174532925199433],AUTHORITY[&amp;quot;EPSG&amp;quot;,4326]]&lt;/WKT&gt;&lt;XOrigin&gt;-400&lt;/XOrigin&gt;&lt;YOrigin&gt;-400&lt;/YOrigin&gt;&lt;XYScale&gt;1111948722.2222221&lt;/XYScale&gt;&lt;ZOrigin&gt;-100000&lt;/ZOrigin&gt;&lt;ZScale&gt;10000&lt;/ZScale&gt;&lt;MOrigin&gt;-100000&lt;/MOrigin&gt;&lt;MScale&gt;10000&lt;/MScale&gt;&lt;XYTolerance&gt;8.983152841195215e-009&lt;/XYTolerance&gt;&lt;ZTolerance&gt;0.001&lt;/ZTolerance&gt;&lt;MTolerance&gt;0.001&lt;/MTolerance&gt;&lt;HighPrecision&gt;true&lt;/HighPrecision&gt;&lt;LeftLongitude&gt;-180&lt;/LeftLongitude&gt;&lt;WKID&gt;4326&lt;/WKID&gt;&lt;LatestWKID&gt;4326&lt;/LatestWKID&gt;&lt;/GeographicCoordinateSystem&gt;</peXml></coordRef><lineage><Process ToolSource="c:\program files (x86)\arcgis\desktop10.2\ArcToolbox\Toolboxes\Analysis Tools.tbx\SpatialJoin" Date="20210909" Time="010741">SpatialJoin 国家级非物质文化遗产代表性项目名录 县1984 C:\Users\gitid\Documents\ArcGIS\Default.gdb\国家级非物质文化遗产代表性项目名录_SpatialJoi2 JOIN_ONE_TO_ONE KEEP_ALL "名称 "名称" true true false 254 Text 0 0 ,First,#,C:\Users\gitid\Desktop\国家级非物质文化遗产代表性项目名录.shp,名称,-1,-1;项目序号 "项目序号" true true false 16 Double 6 15 ,First,#,C:\Users\gitid\Desktop\国家级非物质文化遗产代表性项目名录.shp,项目序号,-1,-1;编号 "编号" true true false 254 Text 0 0 ,First,#,C:\Users\gitid\Desktop\国家级非物质文化遗产代表性项目名录.shp,编号,-1,-1;类别 "类别" true true false 254 Text 0 0 ,First,#,C:\Users\gitid\Desktop\国家级非物质文化遗产代表性项目名录.shp,类别,-1,-1;同类别项目 "同类别项目" true true false 16 Double 6 15 ,First,#,C:\Users\gitid\Desktop\国家级非物质文化遗产代表性项目名录.shp,同类别项目,-1,-1;公布时间 "公布时间" true true false 16 Double 6 15 ,First,#,C:\Users\gitid\Desktop\国家级非物质文化遗产代表性项目名录.shp,公布时间,-1,-1;批次 "批次" true true false 254 Text 0 0 ,First,#,C:\Users\gitid\Desktop\国家级非物质文化遗产代表性项目名录.shp,批次,-1,-1;类型 "类型" true true false 254 Text 0 0 ,First,#,C:\Users\gitid\Desktop\国家级非物质文化遗产代表性项目名录.shp,类型,-1,-1;申报地区或 "申报地区或" true true false 254 Text 0 0 ,First,#,C:\Users\gitid\Desktop\国家级非物质文化遗产代表性项目名录.shp,申报地区或,-1,-1;保护单位 "保护单位" true true false 254 Text 0 0 ,First,#,C:\Users\gitid\Desktop\国家级非物质文化遗产代表性项目名录.shp,保护单位,-1,-1;项目完整编 "项目完整编" true true false 254 Text 0 0 ,First,#,C:\Users\gitid\Desktop\国家级非物质文化遗产代表性项目名录.shp,项目完整编,-1,-1;lng_wgs84 "lng_wgs84" true true false 16 Double 6 15 ,First,#,C:\Users\gitid\Desktop\国家级非物质文化遗产代表性项目名录.shp,lng_wgs84,-1,-1;lat_wgs84 "lat_wgs84" true true false 16 Double 6 15 ,First,#,C:\Users\gitid\Desktop\国家级非物质文化遗产代表性项目名录.shp,lat_wgs84,-1,-1;省代码 "省代码" true true false 19 Double 0 0 ,First,#,C:\Users\gitid\Desktop\县1984.shp,省代码,-1,-1;省 "省" true true false 50 Text 0 0 ,First,#,C:\Users\gitid\Desktop\县1984.shp,省,-1,-1;市代码 "市代码" true true false 19 Double 0 0 ,First,#,C:\Users\gitid\Desktop\县1984.shp,市代码,-1,-1;市 "市" true true false 50 Text 0 0 ,First,#,C:\Users\gitid\Desktop\县1984.shp,市,-1,-1;区县 "区县" true true false 60 Text 0 0 ,First,#,C:\Users\gitid\Desktop\县1984.shp,区县,-1,-1;区县_1 "新建字段名" true true false 50 Text 0 0 ,First,#;区县_12 "区县" true true false 50 Text 0 0 ,Last,#" INTERSECT # #</Process></lineage></DataProperties><SyncDate>20210909</SyncDate><SyncTime>01073900</SyncTime><ModDate>20210909</ModDate><ModTime>01073900</ModTime></Esri><dataIdInfo><envirDesc Sync="TRUE"> Version 6.2 (Build 9200) ; Esri ArcGIS 10.2.0.3348</envirDesc><dataLang><languageCode value="zho" Sync="TRUE"></languageCode><countryCode value="CHN" Sync="TRUE"></countryCode></dataLang><idCitation><resTitle Sync="TRUE">国家级非物质文化遗产代表性项目名录_SpatialJoi2</resTitle><presForm><PresFormCd value="005" Sync="TRUE"></PresFormCd></presForm></idCitation><spatRpType><SpatRepTypCd value="001" Sync="TRUE"></SpatRepTypCd></spatRpType></dataIdInfo><mdLang><languageCode value="zho" Sync="TRUE"></languageCode><countryCode value="CHN" Sync="TRUE"></countryCode></mdLang><distInfo><distFormat><formatName Sync="TRUE">文件地理数据库要素类</formatName></distFormat></distInfo><mdHrLv><ScopeCd value="005" Sync="TRUE"></ScopeCd></mdHrLv><mdHrLvName Sync="TRUE">dataset</mdHrLvName><refSysInfo><RefSystem><refSysID><identCode code="4326" Sync="TRUE"></identCode><idCodeSpace Sync="TRUE">EPSG</idCodeSpace><idVersion Sync="TRUE">8.1.1</idVersion></refSysID></RefSystem></refSysInfo><spatRepInfo><VectSpatRep><geometObjs Name="国家级非物质文化遗产代表性项目名录_SpatialJoi2"><geoObjTyp><GeoObjTypCd value="004" Sync="TRUE"></GeoObjTypCd></geoObjTyp><geoObjCnt Sync="TRUE">0</geoObjCnt></geometObjs><topLvl><TopoLevCd value="001" Sync="TRUE"></TopoLevCd></topLvl></VectSpatRep></spatRepInfo><spdoinfo><ptvctinf><esriterm Name="国家级非物质文化遗产代表性项目名录_SpatialJoi2"><efeatyp Sync="TRUE">Simple</efeatyp><efeageom code="1" Sync="TRUE"></efeageom><esritopo Sync="TRUE">FALSE</esritopo><efeacnt Sync="TRUE">0</efeacnt><spindex Sync="TRUE">TRUE</spindex><linrefer Sync="TRUE">FALSE</linrefer></esriterm></ptvctinf></spdoinfo><eainfo><detailed Name="国家级非物质文化遗产代表性项目名录_SpatialJoi2"><enttyp><enttypl Sync="TRUE">国家级非物质文化遗产代表性项目名录_SpatialJoi2</enttypl><enttypt Sync="TRUE">Feature Class</enttypt><enttypc Sync="TRUE">0</enttypc></enttyp><attr><attrlabl Sync="TRUE">OBJECTID</attrlabl><attalias Sync="TRUE">OBJECTID</attalias><attrtype Sync="TRUE">OID</attrtype><attwidth Sync="TRUE">4</attwidth><atprecis Sync="TRUE">0</atprecis><attscale Sync="TRUE">0</attscale><attrdef Sync="TRUE">Internal feature number.</attrdef><attrdefs Sync="TRUE">Esri</attrdefs><attrdomv><udom Sync="TRUE">Sequential unique whole numbers that are automatically generated.</udom></attrdomv></attr><attr><attrlabl Sync="TRUE">Shape</attrlabl><attalias Sync="TRUE">Shape</attalias><attrtype Sync="TRUE">Geometry</attrtype><attwidth Sync="TRUE">0</attwidth><atprecis Sync="TRUE">0</atprecis><attscale Sync="TRUE">0</attscale><attrdef Sync="TRUE">Feature geometry.</attrdef><attrdefs Sync="TRUE">Esri</attrdefs><attrdomv><udom Sync="TRUE">Coordinates defining the features.</udom></attrdomv></attr><attr><attrlabl Sync="TRUE">Join_Count</attrlabl><attalias Sync="TRUE">Join_Count</attalias><attrtype Sync="TRUE">Integer</attrtype><attwidth Sync="TRUE">4</attwidth><atprecis Sync="TRUE">0</atprecis><attscale Sync="TRUE">0</attscale></attr><attr><attrlabl Sync="TRUE">TARGET_FID</attrlabl><attalias Sync="TRUE">TARGET_FID</attalias><attrtype Sync="TRUE">Integer</attrtype><attwidth Sync="TRUE">4</attwidth><atprecis Sync="TRUE">0</atprecis><attscale Sync="TRUE">0</attscale></attr><attr><attrlabl Sync="TRUE">名称</attrlabl><attalias Sync="TRUE">名称</attalias><attrtype Sync="TRUE">String</attrtype><attwidth Sync="TRUE">254</attwidth><atprecis Sync="TRUE">0</atprecis><attscale Sync="TRUE">0</attscale></attr><attr><attrlabl Sync="TRUE">项目序号</attrlabl><attalias Sync="TRUE">项目序号</attalias><attrtype Sync="TRUE">Double</attrtype><attwidth Sync="TRUE">8</attwidth><atprecis Sync="TRUE">0</atprecis><attscale Sync="TRUE">0</attscale></attr><attr><attrlabl Sync="TRUE">编号</attrlabl><attalias Sync="TRUE">编号</attalias><attrtype Sync="TRUE">String</attrtype><attwidth Sync="TRUE">254</attwidth><atprecis Sync="TRUE">0</atprecis><attscale Sync="TRUE">0</attscale></attr><attr><attrlabl Sync="TRUE">类别</attrlabl><attalias Sync="TRUE">类别</attalias><attrtype Sync="TRUE">String</attrtype><attwidth Sync="TRUE">254</attwidth><atprecis Sync="TRUE">0</atprecis><attscale Sync="TRUE">0</attscale></attr><attr><attrlabl Sync="TRUE">同类别项目</attrlabl><attalias Sync="TRUE">同类别项目</attalias><attrtype Sync="TRUE">Double</attrtype><attwidth Sync="TRUE">8</attwidth><atprecis Sync="TRUE">0</atprecis><attscale Sync="TRUE">0</attscale></attr><attr><attrlabl Sync="TRUE">公布时间</attrlabl><attalias Sync="TRUE">公布时间</attalias><attrtype Sync="TRUE">Double</attrtype><attwidth Sync="TRUE">8</attwidth><atprecis Sync="TRUE">0</atprecis><attscale Sync="TRUE">0</attscale></attr><attr><attrlabl Sync="TRUE">批次</attrlabl><attalias Sync="TRUE">批次</attalias><attrtype Sync="TRUE">String</attrtype><attwidth Sync="TRUE">254</attwidth><atprecis Sync="TRUE">0</atprecis><attscale Sync="TRUE">0</attscale></attr><attr><attrlabl Sync="TRUE">类型</attrlabl><attalias Sync="TRUE">类型</attalias><attrtype Sync="TRUE">String</attrtype><attwidth Sync="TRUE">254</attwidth><atprecis Sync="TRUE">0</atprecis><attscale Sync="TRUE">0</attscale></attr><attr><attrlabl Sync="TRUE">申报地区或</attrlabl><attalias Sync="TRUE">申报地区或</attalias><attrtype Sync="TRUE">String</attrtype><attwidth Sync="TRUE">254</attwidth><atprecis Sync="TRUE">0</atprecis><attscale Sync="TRUE">0</attscale></attr><attr><attrlabl Sync="TRUE">保护单位</attrlabl><attalias Sync="TRUE">保护单位</attalias><attrtype Sync="TRUE">String</attrtype><attwidth Sync="TRUE">254</attwidth><atprecis Sync="TRUE">0</atprecis><attscale Sync="TRUE">0</attscale></attr><attr><attrlabl Sync="TRUE">项目完整编</attrlabl><attalias Sync="TRUE">项目完整编</attalias><attrtype Sync="TRUE">String</attrtype><attwidth Sync="TRUE">254</attwidth><atprecis Sync="TRUE">0</atprecis><attscale Sync="TRUE">0</attscale></attr><attr><attrlabl Sync="TRUE">lng_wgs84</attrlabl><attalias Sync="TRUE">lng_wgs84</attalias><attrtype Sync="TRUE">Double</attrtype><attwidth Sync="TRUE">8</attwidth><atprecis Sync="TRUE">0</atprecis><attscale Sync="TRUE">0</attscale></attr><attr><attrlabl Sync="TRUE">lat_wgs84</attrlabl><attalias Sync="TRUE">lat_wgs84</attalias><attrtype Sync="TRUE">Double</attrtype><attwidth Sync="TRUE">8</attwidth><atprecis Sync="TRUE">0</atprecis><attscale Sync="TRUE">0</attscale></attr><attr><attrlabl Sync="TRUE">省代码</attrlabl><attalias Sync="TRUE">省代码</attalias><attrtype Sync="TRUE">Double</attrtype><attwidth Sync="TRUE">8</attwidth><atprecis Sync="TRUE">0</atprecis><attscale Sync="TRUE">0</attscale></attr><attr><attrlabl Sync="TRUE">省</attrlabl><attalias Sync="TRUE">省</attalias><attrtype Sync="TRUE">String</attrtype><attwidth Sync="TRUE">50</attwidth><atprecis Sync="TRUE">0</atprecis><attscale Sync="TRUE">0</attscale></attr><attr><attrlabl Sync="TRUE">市代码</attrlabl><attalias Sync="TRUE">市代码</attalias><attrtype Sync="TRUE">Double</attrtype><attwidth Sync="TRUE">8</attwidth><atprecis Sync="TRUE">0</atprecis><attscale Sync="TRUE">0</attscale></attr><attr><attrlabl Sync="TRUE">市</attrlabl><attalias Sync="TRUE">市</attalias><attrtype Sync="TRUE">String</attrtype><attwidth Sync="TRUE">50</attwidth><atprecis Sync="TRUE">0</atprecis><attscale Sync="TRUE">0</attscale></attr><attr><attrlabl Sync="TRUE">区县</attrlabl><attalias Sync="TRUE">区县</attalias><attrtype Sync="TRUE">String</attrtype><attwidth Sync="TRUE">60</attwidth><atprecis Sync="TRUE">0</atprecis><attscale Sync="TRUE">0</attscale></attr><attr><attrlabl Sync="TRUE">区县_1</attrlabl><attalias Sync="TRUE">新建字段名</attalias><attrtype Sync="TRUE">String</attrtype><attwidth Sync="TRUE">50</attwidth><atprecis Sync="TRUE">0</atprecis><attscale Sync="TRUE">0</attscale></attr><attr><attrlabl Sync="TRUE">区县_12</attrlabl><attalias Sync="TRUE">区县</attalias><attrtype Sync="TRUE">String</attrtype><attwidth Sync="TRUE">50</attwidth><atprecis Sync="TRUE">0</atprecis><attscale Sync="TRUE">0</attscale></attr></detailed></eainfo><mdDateSt Sync="TRUE">20210909</mdDateSt></metadata>
